41,23H,AZ,2
24,290,CA,35
41,13B,KY,20
24,13B,MA,7
33,120,MN,3
25,290,MT,2
12,23E,TN,1
15,13B,WA,7
41,13A,ME,3
43,220,MI,1
23,290,NY,3
82,290,KY,1
43,23H,FL,1
45,13B,AR,1
15,13C,AZ,3
12,13B,CT,33
32,11D,KY,1
14,290,NY,8
41,220,NY,32
45,23H,OH,2
27,35A,TN,2
41,13A,TN,10
14,290,TX,5
21,290,VA,46
11,520,WV,2
12,13A,IA,6
41,13A,IN,8
12,13C,LA,3
24,13B,NJ,1
22,23H,OR,5
21,220,NV,2
11,100,SD,1
33,220,WA,2
11,26B,WV,1
22,13A,CA,1
11,13B,ID,2
71,13A,MO,1
21,13C,ND,1
11,26B,VA,1
33,120,VA,1
12,290,AZ,88
25,13A,CA,4
42,13C,CT,8
25,290,GA,1
11,26C,KY,2
13,11A,MI,1
33,13A,MT,2
12,13B,OH,72
11,13C,WV,3
41,13C,AL,2
25,200,CA,5
32,13C,DC,1
22,220,NY,6
44,13A,TN,1
42,120,CA,3
32,13A,ID,1
11,23H,KS,5
24,13C,NH,1
24,13B,NM,1
43,13A,IA,1
81,23F,KY,1
12,220,MA,2
33,23H,TX,1
42,13A,OH,2
25,23H,WA,1
32,220,NV,2
15,220,SC,1
13,120,CO,1
43,120,CO,4
41,13C,IL,11
41,220,DC,1
11,100,UT,1
42,13C,IN,1
81,220,KY,5
11,370,MI,1
14,220,NY,3
13,13C,AZ,1
62,11A,IN,1
41,13A,DC,25
43,13B,FL,36
43,13B,MI,26
11,23C,MT,6
41,290,RI,8
42,35A,WV,1
52,13A,AL,1
33,200,CO,1
15,13C,CT,5
12,220,UT,1
32,280,AZ,1
33,13B,KY,3
45,13B,TX,1
33,13C,WI,2
12,220,KS,1
11,23F,MT,3
24,23C,OH,1
11,220,VA,3
32,250,MT,1
13,13C,ND,1
24,35A,UT,1
22,23C,VA,1
33,13A,CO,8
13,35A,KY,1
41,120,MD,2
14,13C,NJ,23
27,23H,OH,2
41,13B,OR,16
12,13C,SC,23
11,240,WA,3
33,220,CA,10
15,13A,CO,3
43,13B,NM,1
23,290,ID,1
23,290,KS,1
31,13C,MA,3
32,120,NC,1
15,290,IA,2
14,13C,AZ,9
22,13C,CT,1
12,13C,GA,43
11,23C,MA,4
11,23H,MI,15
41,290,MI,11
42,13C,MN,5
12,290,UT,15
52,13A,MA,1
21,290,NM,3
11,520,ME,1
26,13A,LA,2
41,13A,NH,1
33,13B,SD,2
32,290,SD,1
24,13C,NM,1
21,290,AZ,60
23,200,FL,1
12,200,MN,2
43,13A,NC,1
11,13B,NC,21
21,290,OH,32
11,23D,TN,6
26,290,VA,8
21,23F,WA,1
13,120,WA,3
33,120,AL,1
41,23F,SC,1
41,26E,CT,1
21,290,IA,1
42,13B,NB,2
13,13A,ND,1
13,120,OH,8
25,200,WA,1
21,200,ID,2
22,35B,WI,1
14,13C,CA,29
33,13A,ID,2
32,13C,ID,6
41,13A,OH,9
32,290,WA,13
13,13B,AR,1
14,13A,ID,1
24,290,KY,7
22,220,NJ,2
51,250,KY,1
42,13A,WA,5
13,220,OK,1
43,23H,TN,2
25,13B,WA,1
24,09A,AK,1
22,23H,AR,1
45,23H,AR,1
42,290,KY,4
26,23H,MN,1
21,13A,NV,3
23,23C,OH,2
13,13A,OH,2
32,11A,TN,1
26,290,UT,2
25,120,CA,2
33,13B,NC,5
15,13C,NC,3
42,290,NC,2
41,13C,RI,1
13,13B,NY,2
22,220,VA,1
21,13A,WA,1
13,26B,CT,1
16,13A,GM,1
71,23D,MA,3
15,26E,WA,2
52,11C,CO,1
15,35B,KY,1
62,370,MA,1
23,26B,WA,1
25,290,AR,1
11,13A,AR,3
41,23H,DC,1
52,13B,KS,1
32,23H,MS,2
26,26A,SC,2
25,290,SC,5
32,290,TN,3
32,120,TN,4
42,290,TX,7
12,13A,UT,8
24,13B,KY,4
22,23H,MA,2
24,13B,RI,1
11,23G,UT,1
41,13C,KS,3
51,11A,MA,1
14,26A,VA,1
13,13C,CO,1
72,120,MA,2
33,290,ME,1
33,290,MO,2
45,13C,AZ,1
42,11A,CA,1
32,13A,CT,8
42,13B,KY,6
42,13C,ME,6
13,35A,MI,3
25,23H,NJ,1
52,23H,NM,1
11,200,OH,1
14,23C,OH,2
32,220,OH,3
12,13C,OR,30
33,35B,TN,1
14,23H,TX,2
11,13B,VA,18
33,13C,WA,18
62,13C,WA,2
14,13B,AZ,5
42,13A,NY,5
43,120,VA,1
43,240,CA,2
14,120,WA,3
11,26B,WA,2
12,23A,WA,1
23,290,GA,1
43,13C,ID,1
11,23D,WV,2
25,200,MA,1
61,13C,MI,2
27,13C,NC,1
41,13C,DC,15
15,13C,MI,13
25,13B,MO,2
33,13A,NJ,4
22,290,OR,5
12,290,SD,8
11,290,AL,2
21,23H,CA,4
43,13B,NC,4
45,13C,NJ,5
32,13A,OK,1
42,13A,UT,2
71,13C,MA,7
12,120,TX,3
31,13A,CT,1
45,13B,NC,2
14,120,PA,1
27,13B,MI,2
32,13A,NJ,2
22,290,NY,60
32,13B,OH,6
14,13B,PA,2
32,13A,VA,5
14,13B,WI,1
14,23C,MI,1
71,220,MO,2
12,23D,MO,1
41,290,OK,3
44,13B,WA,2
71,13C,CO,1
32,220,OR,1
25,13C,VA,1
41,23D,VA,1
26,290,KS,1
22,13B,TX,1
25,220,WA,1
32,290,AZ,24
24,200,CA,3
23,23D,CO,1
26,290,CT,2
11,26B,CT,1
21,290,FL,34
21,290,IL,22
14,290,KY,5
41,13B,MO,21
21,13C,NH,3
12,290,NJ,222
11,13C,NJ,56
42,13C,NJ,34
12,13B,NV,21
52,13C,OH,7
32,35B,UT,1
12,220,AL,2
13,23H,CO,2
23,220,KY,1
12,13C,MD,5
32,13C,ME,2
11,13B,NB,4
42,13C,NM,2
13,290,NY,1
16,13C,CT,1
42,13B,MO,2
14,13B,RI,1
32,120,MO,2
32,26B,MS,1
33,13A,NV,2
21,13C,VA,3
41,290,WI,6
21,220,AZ,1
42,13B,MA,11
26,13C,MI,2
13,13A,MN,2
43,23H,OH,2
42,11A,OK,1
41,220,MA,1
43,290,MT,2
32,35B,NB,1
23,250,TN,1
14,13C,UT,1
52,13B,AR,1
41,120,AZ,6
11,13A,IN,7
12,120,KY,3
11,13B,MA,24
45,13B,MI,2
11,13B,ND,13
32,13C,NJ,63
62,13B,NY,5
14,13C,OH,6
11,13C,OK,5
12,13C,PA,67
11,13B,SC,22
33,290,TX,12
52,23H,WI,1
21,290,WI,7
41,220,AZ,1
32,13A,UT,2
71,13A,MA,2
32,23C,ND,1
33,220,VA,1
24,290,WI,1
24,520,MO,1
12,120,CA,36
32,23G,CT,2
42,290,DC,1
44,11B,ME,1
21,23F,MT,1
11,23F,ND,3
43,290,NJ,11
12,13A,NV,29
41,13B,TX,73
14,290,FL,2
24,13B,OH,5
12,23C,SC,2
21,290,UT,3
52,13B,VA,2
51,13B,WA,2
13,220,OH,25
24,220,SC,1
82,290,DE,2
11,26C,ND,1
24,35A,OH,1
41,23H,CA,1
13,120,NB,1
51,13B,WI,1
13,13C,CA,3
41,290,KY,16
43,13A,SC,4
14,13B,TX,10
13,13C,UT,1
32,13C,VA,6
43,13C,MN,3
51,13C,NV,1
22,290,RI,5
43,13C,IA,1
13,13A,NM,2
16,13B,TN,1
23,13B,MI,2
14,13A,NJ,1
45,23C,OH,1
15,240,OH,1
21,280,UT,1
22,290,CO,3
45,290,ID,1
12,13B,IN,34
12,13A,KS,19
33,35A,KY,1
52,290,KY,2
11,13B,MN,26
15,290,NC,18
32,23F,ND,2
14,13C,ND,1
32,290,SC,5
11,13B,SD,7
25,13C,WA,7
52,23D,WI,1
11,13C,WI,3
24,13A,WI,1
12,13A,NH,4
33,23H,CA,1
21,13C,KS,1
43,290,NC,5
32,13C,OK,6
24,290,IN,7
12,120,NJ,1
12,26B,OH,2
13,13A,AZ,5
81,13A,KY,2
15,290,MA,1
15,290,MN,3
52,290,MT,1
42,290,NM,1
51,13C,OH,2
13,26C,WI,1
51,120,WV,1
12,270,KY,1
26,290,AZ,14
43,220,KS,1
13,290,SD,3
25,220,TN,1
33,290,IA,1
33,13B,KS,2
32,13B,MT,2
41,13B,NB,8
42,290,OH,5
12,23G,TN,1
11,23G,WA,2
13,13A,CO,1
41,23H,LA,1
24,200,MI,1
32,13B,RI,1
52,13B,AZ,2
12,26C,CO,1
41,13C,FL,1
51,13B,LA,1
62,290,TX,1
13,23G,WA,1
12,13C,AZ,107
33,290,CO,7
24,13C,KY,6
41,13A,MI,20
14,13B,NH,3
32,13A,NV,9
41,290,NV,7
41,13A,NY,41
51,13C,OK,1
11,11A,TN,2
51,290,MA,2
11,240,KS,1
81,13B,NY,1
24,13B,TN,1
13,13A,OR,1
25,13B,UT,1
14,200,CA,3
27,240,CO,1
13,220,CO,2
43,120,CT,1
42,13A,DC,5
15,290,KS,3
11,240,KY,3
32,13A,NC,9
32,13A,WY,2
41,09A,NY,4
27,290,LA,1
22,13C,MA,2
24,13A,WA,5
82,13B,WA,1
25,290,DC,1
45,220,KS,1
26,13C,WA,2
21,23C,WA,1
41,13A,AZ,30
43,120,CA,28
11,220,KS,9
12,13B,MA,106
24,09A,NY,1
41,120,WA,6
12,13A,WI,9
21,23H,FL,1
24,200,NJ,1
45,23H,WI,1
71,13C,DC,6
33,23D,OH,2
11,23H,ID,1
71,13B,NY,4
51,35B,OH,1
22,290,OH,5
71,13B,WA,4
41,120,KY,3
32,270,MS,1
41,13A,NJ,7
27,290,SC,1
33,290,UT,3
11,13A,VA,5
41,13A,AL,1
52,290,AL,1
23,13A,OH,1
52,11A,OR,1
24,290,CO,2
21,23H,MD,2
62,23H,MI,1
15,11D,MO,1
25,220,NC,1
52,35A,ND,1
22,220,OH,1
52,13B,TX,2
52,290,WA,1
33,23D,ND,1
71,13B,PA,1
25,13C,TX,3
45,290,OR,1
52,13B,SC,3
25,290,KY,5
12,13A,SD,6
43,290,VA,9
11,23F,WI,1
13,120,WI,1
33,23H,KY,1
43,290,PA,3
27,290,MI,1
22,23H,MN,1
12,26A,OH,1
45,240,UT,1
33,13A,AR,1
24,13B,AR,1
12,200,TN,2
24,23D,VA,1
26,220,WA,1
12,23H,AR,1
33,13C,CT,14
11,13C,CT,21
15,520,MI,1
14,290,NJ,10
11,36A,OH,1
12,13A,OH,15
43,290,OR,8
11,13B,RI,3
25,13C,TN,4
12,290,VA,143
33,13A,FL,11
33,220,MA,1
42,13C,OR,3
22,13C,KS,1
44,26A,OH,1
41,11B,WV,1
52,290,IA,1
12,13B,DC,20
11,13B,KY,37
14,280,MA,1
25,26A,MI,2
23,200,NY,2
13,13C,OH,40
42,35A,TN,1
12,290,TX,74
13,11D,UT,1
43,290,WA,17
13,23G,WI,2
32,13B,NJ,12
24,13A,IL,2
42,120,MA,1
11,23H,ND,5
32,120,NM,1
52,13C,KY,1
12,26E,SC,1
23,23H,WA,1
32,13C,FL,1
24,220,IA,1
72,520,MA,1
85,23D,TN,1
22,35A,TX,1
45,23C,VA,1
12,200,KY,1
62,26A,MA,1
14,120,NC,1
11,13B,AR,3
22,290,AZ,3
12,13C,CA,318
41,290,CO,13
21,220,CO,1
43,13A,KY,2
43,290,ME,4
15,13C,NJ,10
33,11D,TN,5
12,23D,TN,1
42,13C,TX,7
41,13B,WV,6
41,13A,ND,2
43,13B,KS,5
12,13B,LA,5
22,290,MN,2
45,23F,OH,4
11,240,UT,3
11,240,FL,1
52,40B,OH,1
25,23C,WA,2
16,290,MT,1
24,13A,OH,1
41,120,MO,1
14,23H,UT,1
11,290,AR,1
41,13B,DE,2
14,290,KS,3
11,290,NC,16
21,290,NJ,411
25,13B,WI,1
52,23H,WV,1
12,200,PA,4
44,290,WA,1
71,290,CA,3
13,35B,ND,2
32,120,OH,4
24,13C,OK,3
82,13A,IL,1
45,290,NJ,1
52,13B,WV,2
33,23G,KS,1
25,220,MA,1
27,290,OH,1
11,280,UT,2
45,290,CA,2
27,290,CA,2
32,13B,CO,25
23,23H,CT,1
32,09B,ID,1
14,13C,KY,1
32,13A,MD,5
22,290,ME,3
51,290,MI,3
24,13C,MI,37
13,23F,MO,1
12,13B,NJ,29
14,13B,OH,4
24,290,OH,8
21,13C,SC,2
12,290,TN,68
32,23A,TX,1
12,240,UT,1
25,13B,NC,1
12,220,VA,3
27,290,VA,1
42,23F,AR,1
12,13B,DE,4
33,23B,OH,1
12,13C,SD,2
12,23C,WI,1
33,26B,OH,1
43,23H,VA,1
14,13B,VT,2
33,200,CA,1
15,23H,IL,1
32,290,OK,1
11,220,CO,1
42,290,IA,1
14,13B,MI,8
24,290,MN,8
21,23H,SC,1
52,13A,SC,1
13,11A,SD,1
12,13A,VT,3
42,290,WI,8
12,13A,DC,5
33,120,MA,2
43,13A,NY,1
25,200,NY,5
33,13A,OR,1
25,290,OK,3
41,210,UT,1
21,220,TX,1
11,26A,VA,1
32,120,DE,2
41,13C,MI,30
41,290,MT,2
21,220,NJ,3
14,220,OH,5
43,13B,OK,4
12,290,OR,38
12,290,SC,37
41,13C,SC,11
11,23C,WV,10
41,290,KS,5
41,11B,KY,1
13,13A,NC,1
11,220,OH,11
32,120,PA,1
13,23F,OH,6
45,13C,TX,1
52,13A,CO,1
81,26C,KY,1
81,23F,MT,1
14,290,RI,1
15,13B,NH,1
13,23C,TN,1
13,290,VA,1
12,13A,CT,5
12,13A,MD,14
42,13B,MI,7
52,23H,MI,1
45,290,OH,3
11,290,VA,19
44,13C,WA,1
23,290,KY,3
41,290,NB,6
45,290,WA,2
45,290,WI,1
11,200,CA,1
11,23H,MT,4
13,13B,OH,3
71,13A,TN,1
32,26C,WA,1
33,13C,ID,3
12,09A,SC,1
22,13C,WI,1
41,290,ID,4
41,13B,IL,30
21,11B,KY,1
12,200,MI,3
21,220,OH,1
14,13A,TX,1
14,290,CO,2
26,290,OR,4
21,23H,VA,1
42,13C,AR,1
33,23C,CT,1
14,11D,KY,1
12,23H,UT,1
13,23F,KY,1
31,290,WA,1
13,290,OK,1
44,13C,VA,1
22,26C,WA,1
15,13B,IL,1
41,13C,ME,20
44,13C,MI,2
12,290,NH,17
33,13C,NY,2
23,290,OH,5
41,290,UT,4
32,13A,WI,5
24,13B,AZ,4
24,23H,KS,2
13,23C,SC,2
14,13A,WV,1
16,13A,NV,1
22,13C,PA,1
44,36B,TN,1
32,13A,SD,1
41,23H,VA,2
41,220,WA,1
12,23H,WI,2
71,13B,MO,2
52,23D,AR,1
41,13A,CA,137
32,120,KY,11
42,13C,LA,1
21,13B,MI,5
26,13C,NC,2
25,290,NC,7
41,290,NJ,24
14,120,NY,1
32,35A,TN,2
21,26B,TN,1
41,13B,WI,11
26,290,WI,1
33,290,DC,2
41,220,NC,3
15,120,WI,1
45,13C,CA,2
22,13C,WA,2
16,13B,CA,1
12,35A,TN,2
12,100,WA,1
45,13B,FL,1
11,520,KY,1
11,13A,MI,39
11,13A,NB,2
41,13B,NY,296
12,13B,SD,8
11,520,TN,1
12,290,WA,80
24,13C,WA,20
13,23F,WA,13
42,120,OH,2
32,120,MA,2
23,290,ME,1
14,13C,OK,2
11,250,OK,1
42,11A,TX,1
82,13B,IL,1
23,23F,OH,1
43,13A,RI,1
25,13A,MI,1
23,290,CA,7
32,13B,CT,9
43,290,GA,1
43,290,ID,3
25,13C,MN,3
12,220,MO,9
15,290,MT,4
42,13C,NC,5
25,13B,NJ,1
11,23H,VA,3
12,290,WV,11
12,200,IN,2
32,13B,IN,5
22,290,NB,2
23,13B,WA,1
45,23H,CT,5
14,13A,IL,2
26,13C,OH,6
42,11A,DC,1
15,220,WA,1
45,26C,NH,1
13,26B,OH,1
11,120,CO,10
33,120,CO,1
41,13B,IN,12
11,13A,KS,2
42,11A,MA,1
41,290,MN,12
41,13A,MO,11
12,290,NB,23
45,13C,SC,1
26,290,TX,2
52,13B,UT,1
12,35A,KY,1
51,13A,MI,3
31,13C,OH,2
11,23D,OH,3
43,120,SC,2
15,13C,MO,1
33,13B,WV,1
11,13A,MA,19
51,13A,MA,1
51,13B,MA,3
15,290,MD,2
11,13B,MI,72
43,290,MI,25
11,270,ND,1
12,23H,ND,1
52,120,NJ,1
24,13B,NY,65
25,200,TX,1
12,13B,WV,10
13,13B,AL,2
15,290,ID,2
43,13B,RI,1
32,26A,VA,1
24,13A,WV,1
24,13B,NV,1
33,35A,UT,1
25,200,VA,1
42,13C,WV,1
51,23H,ID,1
31,13B,PA,2
42,290,AR,3
33,13C,FL,9
21,13C,KY,3
41,13B,MT,3
12,23H,NV,1
42,11A,NY,2
24,13C,OH,16
25,200,MO,1
11,250,MT,1
51,13B,ID,1
31,290,LA,1
11,11A,NC,1
25,13B,PA,1
14,13C,AL,1
44,13B,CT,2
12,23G,KY,1
11,35A,SC,2
12,13A,CA,256
41,290,CT,13
21,13C,FL,6
15,290,MI,11
21,13A,NY,17
26,220,SC,4
15,23H,SC,1
24,100,TN,1
12,13B,IA,3
33,240,KS,1
42,13B,WY,1
33,13B,IL,4
62,13A,MI,1
11,09A,MO,1
33,13A,PA,1
32,23F,KS,1
43,13B,ID,8
13,13A,MO,1
12,13C,NC,95
43,13C,ND,5
33,13B,PA,2
12,13C,RI,3
25,290,WI,3
21,13B,MT,1
27,13A,IN,1
21,220,KS,1
12,13A,OK,3
52,220,MA,1
41,13B,CT,17
12,290,CT,61
52,13B,CT,2
43,290,FL,14
41,200,MO,1
45,13B,MO,1
41,13A,NV,15
42,13B,OH,11
25,290,RI,4
41,13B,UT,6
41,13A,WI,11
51,13C,CA,2
22,290,IL,1
45,13B,IN,1
11,220,AZ,2
23,13C,GA,2
22,23D,ID,1
11,26A,WI,1
11,26A,KS,1
45,13C,NC,1
24,220,RI,1
14,13C,FL,2
14,23C,KY,1
24,290,MA,13
21,13B,NY,213
42,100,TN,1
11,280,KY,2
22,220,MI,1
33,200,NC,1
42,13A,MD,3
12,520,UT,2
42,13A,VT,1
11,23C,AZ,1
44,13B,GA,1
15,13B,VA,1
51,13A,WV,1
11,35A,MA,1
41,13A,CO,13
24,13C,IA,1
32,35A,KY,1
25,13C,KY,5
24,13B,MI,17
41,13B,ND,3
43,13C,NJ,17
32,120,NV,5
33,13B,OH,30
43,13C,SD,1
14,13A,TN,1
32,13A,TN,6
13,35A,WA,3
12,290,ND,5
11,290,OR,8
25,200,MI,2
52,23G,OH,1
42,13B,VA,7
51,13C,WA,2
72,240,MA,2
12,23D,NH,1
11,23C,PA,1
24,13B,SC,1
52,13B,SD,1
43,290,DE,1
21,13B,FL,2
25,13C,MI,11
45,35A,MT,1
32,290,NC,8
51,13C,NJ,8
13,13A,SD,2
43,13C,TX,5
26,13B,VA,2
26,13C,CO,2
26,290,FL,1
11,23G,ID,1
25,220,NH,1
13,13A,NJ,1
42,11A,NV,1
33,13A,OK,2
11,26C,TX,1
15,220,TX,1
62,23F,WA,1
14,220,CA,4
41,290,IN,4
51,26B,KY,1
42,290,MA,15
11,13C,SC,13
15,13A,WA,5
43,120,WA,4
32,13B,WI,7
33,290,AR,1
24,13A,IA,1
24,13C,IN,5
33,13C,IN,6
21,220,MI,1
14,290,ND,2
11,290,NJ,11
12,13A,NM,2
33,13C,VA,6
42,120,AZ,2
72,23F,MO,1
31,13A,IL,1
45,13B,MN,3
11,13C,NV,3
12,250,TN,1
11,100,TN,1
14,23F,CT,1
11,26A,MI,4
15,13A,MO,1
45,23G,MT,1
13,220,NB,1
44,35A,TN,1
11,13B,UT,13
32,23H,WA,2
12,13B,UT,9
43,13C,IN,3
14,26A,MI,1
11,13C,PA,11
14,290,NB,3
26,13C,LA,1
72,13C,MA,2
43,13C,ME,3
12,280,OH,1
12,23F,OH,1
11,09A,TN,1
13,13A,VA,1
52,270,KY,5
52,11D,MI,2
21,13C,OH,14
11,13A,TX,14
12,13B,AL,13
23,290,DE,1
33,13A,IL,1
45,13B,MD,1
22,13B,TN,1
72,13A,NY,1
11,23D,PA,2
41,13C,AZ,38
41,13B,CA,183
12,23D,CT,1
21,13C,MI,38
41,13C,MO,12
52,23D,MT,3
41,220,NV,3
12,23H,PA,1
43,290,TX,14
24,13B,UT,3
32,13B,VA,13
22,290,WI,2
22,23H,NC,3
12,13C,NM,4
25,13A,WA,1
42,11A,KS,1
12,23F,MI,1
51,290,MO,1
14,13A,AZ,1
43,13C,AZ,4
41,120,IN,2
12,23F,MA,3
21,13B,MO,2
33,290,NC,2
12,290,OH,143
12,13C,OK,27
32,13B,OR,7
13,290,UT,5
51,13A,WI,1
24,13A,AK,1
32,23C,SC,1
33,240,OH,2
33,35B,MT,1
52,290,NY,1
43,290,AR,1
12,290,KY,70
11,23F,MI,3
43,13B,MT,3
43,13A,MT,1
12,13B,NY,245
25,13C,NY,2
42,290,TN,1
41,13B,WA,36
41,13C,IA,2
32,23H,OH,1
11,23C,WA,5
24,23H,NY,1
24,120,WA,2
43,13A,AR,1
12,23H,CA,4
11,13C,GA,10
21,13C,IA,1
12,13A,MI,88
21,290,MN,27
21,200,MN,1
11,13A,NC,13
41,120,NV,6
42,13B,OR,6
24,290,TX,13
32,13C,WI,1
33,13A,MN,5
32,13C,PA,12
23,290,TN,3
13,23H,UT,5
11,220,MO,1
13,240,MO,1
52,120,OH,2
81,26C,MT,1
51,35A,OH,1
41,11B,OR,1
22,23H,WA,1
23,13B,KS,1
26,13C,MN,1
51,26A,WI,1
21,13B,DC,1
11,13B,FL,27
12,13A,IL,47
11,290,KS,3
11,13A,MD,8
32,23G,MI,1
11,120,ND,2
52,220,OH,4
43,290,TN,19
12,200,MO,2
13,23D,ND,2
14,290,NM,2
12,13C,VT,4
43,290,AZ,5
33,13C,IA,1
41,23H,MA,2
43,290,OK,3
11,520,UT,1
11,23F,VT,2
12,11D,IN,1
22,23F,KS,1
15,520,VA,1
12,23H,WA,4
26,23H,NC,1
72,26B,WA,1
24,290,AZ,7
13,23F,CO,4
12,13C,FL,21
52,290,KS,3
12,13C,ME,36
51,23H,MI,2
12,120,MI,1
15,290,NH,1
43,13B,OH,25
12,13A,ND,9
44,120,CA,1
21,13C,DE,1
11,13B,IN,10
42,13A,WI,1
32,290,GA,2
33,23C,OH,6
84,13C,MA,1
13,220,ND,1
45,13C,OR,1
11,290,AZ,11
26,220,CA,2
25,290,ID,9
11,13B,KS,10
11,240,MA,1
11,23D,MA,4
12,290,ME,10
33,13C,MN,13
43,13C,MO,7
24,13C,NY,6
11,13A,OH,16
43,13B,TX,17
13,520,UT,2
12,13B,VT,7
21,23F,CO,2
42,23F,KY,1
52,13B,NJ,3
25,100,OH,2
13,13B,MA,1
11,23G,MI,1
21,23F,WV,1
24,13B,IN,2
28,23G,MO,1
22,13B,MO,1
27,13C,KY,1
33,23H,MA,3
25,220,NM,1
24,26E,OH,1
21,13C,AZ,29
32,13C,CA,78
11,240,CO,2
11,290,NV,3
12,13B,PA,15
24,290,PA,1
41,13B,PA,10
15,220,CA,1
23,290,MI,6
22,290,ND,2
44,35A,CT,1
71,13A,DC,16
51,13A,CA,2
41,120,LA,2
43,120,MT,1
42,23H,CA,1
11,120,MD,1
26,11D,SC,1
15,120,DC,2
12,200,MD,1
32,13C,NC,11
45,13B,ND,2
33,220,ND,1
32,13B,NV,11
24,13B,OR,1
12,290,OK,10
24,520,AZ,1
15,290,LA,2
24,35A,MA,2
43,220,WA,2
12,520,WI,1
11,35B,WV,1
22,35A,KY,1
33,120,AZ,1
32,13A,CO,13
43,290,CT,12
12,13B,NH,7
21,23F,OH,1
43,290,IA,2
43,13A,ID,2
14,13B,NB,2
24,23H,OH,2
32,120,VA,1
11,13B,WI,14
26,220,NV,1
11,13A,OR,2
11,220,ID,1
23,220,OH,1
28,220,TN,1
71,35A,WA,1
11,270,WV,1
12,13A,AZ,67
33,290,CT,11
14,13B,GA,3
12,23D,KS,1
33,290,KS,4
33,290,MA,17
41,290,WA,22
11,35A,WV,4
15,13B,AL,1
23,13B,AZ,1
41,120,GA,5
42,13A,OR,5
23,23C,MI,2
13,13B,AK,2
11,13C,AR,5
12,290,DC,10
32,13C,MA,36
25,290,MI,14
32,13C,TX,25
42,13B,WV,1
32,290,IN,5
12,13B,RI,3
43,200,WV,1
26,13C,AZ,1
24,23H,LA,1
14,120,CT,1
41,240,MI,1
82,290,RI,1
13,35A,TX,1
27,23E,CT,1
52,26A,KS,1
12,23H,MI,3
41,120,MN,6
32,13C,TN,15
44,11D,UT,1
11,23D,WA,3
44,290,CA,1
42,13B,CO,5
24,13A,ID,1
22,13B,KS,1
22,13B,AZ,1
45,35A,UT,1
32,13A,AR,3
52,13A,AZ,2
32,13A,IL,4
21,13A,KS,1
33,220,KY,2
23,13C,OH,2
21,13B,PA,2
26,23C,SC,6
11,23F,OH,6
33,13C,SC,4
14,23H,SD,1
33,13A,VA,3
11,23H,IL,3
24,290,MO,3
13,520,WA,1
71,23H,CA,1
42,13C,GA,1
41,13A,MT,1
31,13C,NC,1
44,23D,OH,1
15,290,RI,1
12,290,CA,452
42,290,CA,37
14,290,MA,12
26,290,MI,7
32,220,OK,1
32,13C,OR,14
21,220,PA,1
32,290,UT,8
12,13C,WA,107
43,13C,WA,28
21,23H,WA,2
12,13C,WI,23
32,220,AL,1
12,23H,ID,1
43,13C,UT,1
32,13B,NM,2
43,13B,NB,3
45,11B,TN,1
11,23B,WA,1
45,13C,WA,1
43,13B,GA,1
25,13C,ME,1
82,290,MN,1
12,220,TX,2
31,120,WA,1
12,35B,KY,1
21,220,MA,1
45,13B,NJ,1
33,120,OH,1
51,23H,WA,1
25,220,AZ,1
45,13B,ID,1
43,120,ID,1
45,13C,MI,3
12,13C,ND,11
41,290,ND,2
13,23H,WV,1
15,290,DC,4
26,200,CA,1
21,13C,DC,2
21,13A,WV,1
41,290,AL,1
31,290,CA,5
26,13B,LA,1
24,09A,TN,1
11,35A,AR,2
14,290,CA,41
32,120,CA,19
42,13A,NV,4
42,13C,NY,6
41,13A,OR,11
21,290,PA,15
13,13C,WA,10
42,240,WV,1
11,23H,AL,5
21,13C,ID,1
32,13C,SC,2
14,13C,TX,2
23,26A,UT,1
25,200,UT,1
24,13A,MD,1
22,200,ID,1
11,23H,LA,2
62,13A,MA,3
31,13B,NC,1
13,100,WA,1
43,13B,WV,2
41,370,IN,1
11,13A,AK,2
12,13C,AR,14
11,290,CO,11
22,23D,CT,1
41,13A,GA,3
33,13C,MI,40
12,13A,NC,24
11,26A,ND,2
33,13C,OH,44
24,290,SD,2
21,13B,TX,4
21,210,UT,1
21,290,WA,59
11,13C,ID,1
21,23H,KS,2
33,290,OR,7
43,290,RI,1
43,13A,UT,1
72,13C,CA,1
72,13B,CA,1
11,240,MO,1
12,23D,SC,1
13,120,AK,1
52,290,AZ,1
32,23C,MI,1
52,220,MO,1
41,13C,CA,71
33,13A,CT,2
12,13C,KS,42
32,13B,NC,12
32,13C,SD,2
43,13C,TN,18
13,11A,WA,3
13,13A,AK,5
33,13B,MA,9
33,290,TN,36
11,23D,UT,7
32,13A,NM,5
15,13B,NV,2
33,220,TX,1
43,13A,KS,1
52,13B,MA,5
24,13B,MO,2
32,35A,IN,1
12,09A,IN,1
12,510,KY,1
26,23D,OK,1
11,290,CA,27
15,13B,FL,3
12,290,LA,6
52,13A,MO,1
13,26B,MO,1
43,13B,ND,4
45,220,OH,3
23,23G,OR,1
11,280,TN,1
22,23H,VA,1
25,09A,WI,1
11,13B,AK,2
41,13B,AL,3
42,13C,DE,2
43,290,NH,3
14,11A,PA,1
43,13C,SC,2
23,290,MN,1
45,13C,MN,3
11,120,NV,4
43,290,NV,1
11,220,WV,8
44,35A,IN,1
15,13B,CO,4
42,13C,MO,3
11,290,MT,10
12,220,NC,4
21,290,ND,2
33,290,NJ,15
41,13B,OH,31
14,23H,TN,2
43,13B,TN,17
14,13C,WA,17
15,290,WI,6
14,290,AL,1
12,11C,OR,1
52,11D,SC,1
13,270,SD,1
44,13C,TN,1
24,13C,TX,10
13,290,WI,3
25,13B,ND,1
32,290,ND,3
11,120,AZ,2
51,13C,GA,1
25,13A,MA,2
15,290,CA,70
32,13B,KS,8
43,13A,MI,9
11,290,NY,9
25,290,OH,7
43,290,UT,7
32,13C,AL,3
11,290,IN,4
12,120,MA,6
45,26C,OH,1
52,23H,MA,1
11,35B,OH,2
13,23F,SD,1
13,26B,OK,1
21,35A,KY,1
41,120,MA,1
11,23G,OH,1
14,120,CO,1
32,13A,OH,3
13,35B,TN,1
21,200,MD,1
13,13B,NM,2
15,13C,NV,1
11,220,CA,1
41,220,KY,1
11,23D,MT,7
51,23H,OH,1
27,13B,SD,1
12,290,AL,10
43,13B,CT,5
12,220,FL,4
24,290,KS,1
14,23H,MA,3
11,100,MS,1
14,13A,NY,6
33,13A,WI,1
45,200,CA,1
41,13C,NM,2
32,220,SC,2
13,13B,WI,3
13,13C,AK,1
33,11D,MA,1
43,13B,MN,1
12,220,NJ,2
14,13A,DC,1
71,13B,FL,1
22,13C,CA,3
12,220,CA,27
11,13C,CO,9
11,13A,CO,6
11,13A,FL,15
14,13A,FL,1
33,13C,GA,2
24,13B,TX,9
32,120,TX,3
11,290,VT,1
21,23B,KY,1
11,120,NJ,3
21,13C,OK,1
52,35B,TN,1
33,23H,TN,4
11,520,VA,1
28,290,CA,1
11,35B,MT,1
23,13B,VA,1
33,13B,IA,1
11,23D,KS,1
33,13C,DC,2
25,13C,DE,1
22,13C,KY,1
41,290,MA,47
21,23H,NV,1
33,23H,OH,7
11,23C,SC,1
32,35A,UT,1
13,23H,WA,9
25,270,KS,1
14,23D,KS,1
24,13B,MN,5
12,23H,NC,1
23,23F,AZ,1
21,23F,CT,1
31,290,IL,1
81,23C,KY,4
25,13C,WV,1
43,13C,DC,1
15,290,FL,2
11,13A,IA,1
21,13C,MA,40
33,13B,MI,20
24,13A,MI,7
41,23F,MI,1
14,290,NV,2
33,290,NY,34
41,290,TN,12
33,290,IN,2
21,23H,MA,2
43,13B,SD,4
52,13A,TX,1
41,520,WA,1
14,13B,IL,3
51,13B,KS,1
26,290,MD,1
21,13B,WV,2
25,220,CO,3
24,13B,ME,1
22,26B,MI,1
41,13A,OK,1
11,26B,MA,1
45,290,MT,1
52,290,VT,2
43,13A,CA,75
33,23F,CO,1
41,13C,CT,22
11,120,TN,5
42,290,UT,3
11,290,WV,8
41,13C,IN,6
14,13B,KY,2
45,13A,CA,4
24,13B,KS,1
62,11A,MI,1
41,220,MO,2
13,290,SC,1
13,23D,VA,1
83,290,CA,1
22,120,CA,1
14,120,IA,1
42,220,WA,1
33,13C,AZ,13
25,290,AZ,16
12,13B,IL,36
11,290,MA,24
43,120,MI,1
11,13A,MT,5
11,290,NB,2
32,290,OH,11
11,35A,TN,18
11,120,WI,5
43,13B,ME,2
32,13B,SC,5
23,13A,UT,1
33,13B,GA,1
11,11A,MA,1
33,23H,ND,1
81,13A,MO,1
42,23H,NB,1
12,11A,OH,1
61,13C,WA,6
52,13C,WI,1
12,26A,WI,1
12,13C,AL,15
11,13B,IL,13
41,13B,NH,1
42,290,NJ,6
33,13B,NY,37
14,290,VA,5
11,13A,WA,18
42,11A,WA,1
23,290,IN,1
14,13A,MN,3
42,13C,NV,2
61,290,NY,1
33,36B,TN,1
22,13B,VA,1
84,13C,IL,1
45,13A,MD,1
43,23H,MI,1
41,13C,AR,4
12,290,IA,6
33,13C,MA,27
33,13A,NC,3
11,26A,OR,1
14,13C,SC,1
12,290,WI,20
12,13A,AL,7
12,09A,CA,1
11,13A,DE,1
25,13C,MA,4
33,13B,OR,2
26,290,TN,2
52,290,ND,1
52,13B,ND,1
44,23H,WV,2
43,23C,MI,1
45,100,OH,1
13,270,OH,1
42,290,PA,1
45,290,AZ,1
27,290,NC,2
41,200,IL,1
11,290,MN,11
32,290,MO,4
24,200,MO,1
24,290,NC,3
41,13C,NY,10
41,220,RI,2
11,11D,TN,2
23,35A,UT,2
14,13B,VA,9
23,290,WA,5
11,220,WI,4
42,13A,CT,2
33,13B,MO,2
33,13C,NC,7
33,290,PA,2
26,13B,OH,1
24,120,VA,2
42,290,VA,3
13,270,CT,1
26,290,IL,1
32,220,TX,1
45,23D,CT,1
11,23H,KY,22
15,13B,MI,5
12,13C,MS,1
43,13C,NC,9
52,35B,OH,1
52,13B,TN,18
11,290,TN,22
12,13C,VA,54
52,13A,CA,1
12,13C,IA,3
14,290,MN,2
11,280,OH,2
26,13B,SC,7
32,13A,SC,2
32,13C,UT,1
13,26B,WA,3
12,23H,IL,6
61,240,MO,1
25,290,VT,2
12,23H,FL,1
31,13A,KY,1
12,09A,MI,1
41,13A,SD,1
27,23H,MI,1
32,220,UT,1
33,13B,DC,7
33,13C,KY,7
42,290,NY,6
21,220,NY,17
52,290,CA,3
24,13B,FL,3
42,13A,IN,1
32,13C,KS,4
11,250,MA,1
41,13C,NC,14
52,13C,CT,4
23,220,MI,1
22,35A,WA,1
24,220,FL,1
26,290,OH,2
62,13B,TN,1
72,35A,TN,2
11,120,MI,12
11,13C,MN,13
33,13C,NH,3
11,23H,OK,1
26,290,SC,5
42,13C,SC,1
11,13B,VT,3
24,23H,AZ,1
42,290,MO,1
41,290,NH,1
41,13A,NM,4
21,290,LA,1
24,13C,MO,3
41,220,NH,1
41,13A,RI,1
62,13A,WI,1
42,13C,AZ,12
32,220,AZ,3
13,290,CA,2
42,13B,DC,8
12,13C,IN,52
11,13C,MI,82
11,13B,OH,40
52,26C,TN,1
12,120,TN,3
33,13A,TN,21
11,23C,UT,3
45,13A,WA,1
14,220,AZ,1
45,13B,CT,2
14,13C,KS,2
52,13C,MI,4
26,13B,NC,3
11,35B,CT,1
12,26B,NB,1
21,13C,WI,2
13,23H,IN,2
72,220,MA,9
12,120,MD,2
13,23C,ND,1
42,13C,OK,1
14,13A,MI,3
25,35B,WI,1
33,23H,MI,1
21,13C,NV,5
41,210,KY,2
24,26A,MA,2
45,120,MN,2
25,13C,OH,3
33,290,RI,1
71,290,VT,1
41,23H,ME,1
11,520,MI,1
26,290,ND,1
21,240,CA,1
15,13B,CA,13
12,13A,MO,32
12,13B,NC,44
42,13B,NC,3
12,13C,TN,95
12,290,VT,6
11,290,WA,19
44,26A,WA,1
25,13B,ID,1
15,220,ID,1
25,13B,CO,1
33,23H,DC,1
11,11A,ND,1
27,23C,UT,1
27,13A,IL,1
13,240,CO,1
13,290,FL,1
52,290,MA,1
26,290,ME,2
43,13B,MO,11
12,220,NV,4
12,13B,OK,14
11,120,WA,6
24,290,WA,12
15,13B,WI,1
14,13C,NH,1
44,13C,NJ,5
32,200,OR,1
11,120,PA,1
45,23H,LA,1
13,240,MT,1
11,23D,ND,1
52,23F,OH,2
25,13C,WI,1
43,13A,AZ,2
32,23H,CT,1
43,13A,ND,2
42,220,OH,1
42,13C,CO,4
21,290,CT,68
25,290,CT,12
43,270,KY,1
33,23C,MA,1
33,13A,MA,12
43,13A,MO,5
32,23C,MS,3
42,13C,VT,2
23,23C,WI,2
52,290,WI,3
15,290,AL,4
25,13A,CT,1
21,13C,IL,6
32,13B,NB,2
21,290,NB,5
43,13A,NV,2
25,290,KS,2
52,23H,OR,1
21,210,WI,1
31,13C,CA,2
24,13A,DC,1
25,290,NH,1
32,220,CA,4
24,290,FL,4
12,13C,ID,14
41,13C,MA,160
13,13C,NJ,2
42,11A,MN,1
15,13C,OR,1
42,13B,SC,1
32,220,WA,2
12,13C,AK,4
11,23F,CT,4
25,290,MN,4
33,35B,UT,1
43,23H,AZ,1
21,23H,NJ,6
26,13C,NV,1
11,23H,PA,3
11,26C,WA,1
43,290,DC,1
71,13A,KY,1
43,23D,MI,1
24,13C,FL,4
12,13A,IN,11
15,290,IN,3
27,23F,MI,2
11,13A,MO,14
52,23H,OH,6
33,290,OH,26
52,13C,OR,2
52,290,OR,1
42,23C,WA,1
33,13C,CO,7
52,13C,MN,2
41,13C,ID,1
24,290,ID,1
71,13C,WA,2
41,13C,OK,1
42,23H,AZ,1
52,13B,FL,1
11,290,ID,1
33,23D,MI,1
11,23H,WV,7
21,13C,NM,1
33,280,LA,1
51,23G,OH,1
13,35B,SC,1
33,11D,AZ,1
52,23D,MI,1
51,26E,OH,1
21,290,KY,10
25,13C,NJ,12
12,220,NY,7
25,290,TX,7
11,220,UT,3
24,120,CA,3
41,23H,MI,1
12,13B,NM,6
32,35A,RI,1
12,23D,WI,1
14,40A,MA,1
32,13A,CA,96
12,520,MA,1
15,290,MO,5
41,13C,NH,6
12,13A,OR,15
42,13C,KS,1
22,290,MD,4
15,13B,NY,4
42,13B,IL,5
43,13B,LA,3
12,200,WA,1
23,13A,CO,1
33,23C,MO,1
11,26C,MT,3
51,23H,WV,1
14,13A,CT,1
52,13B,MT,2
15,13B,SD,1
15,13C,WA,7
23,290,WI,1
42,290,AZ,7
32,120,DC,2
11,26B,KY,2
13,13B,MT,3
11,13A,ND,4
13,23H,OH,28
12,200,SC,2
12,520,VA,2
15,13A,KY,2
11,13A,WV,2
23,35A,MI,1
85,13B,MT,1
12,35A,UT,1
22,220,WA,1
43,13C,IL,2
41,200,WV,1
33,220,AZ,2
42,13A,CA,23
12,290,GA,12
43,13B,KY,10
41,13A,MD,4
11,13C,ME,5
32,13B,NY,56
21,13C,TN,5
33,13A,TX,6
43,23F,MO,1
21,13A,MT,2
24,23C,SC,1
21,23H,CO,1
21,13B,KS,1
13,250,KY,1
25,13A,AZ,1
41,13A,FL,4
71,23F,MA,2
41,200,OK,1
32,290,ID,2
22,13C,MI,4
27,35A,MI,1
42,13B,MN,3
33,290,MT,5
12,13C,NJ,493
33,13C,OR,4
43,13C,PA,2
12,13A,TN,31
26,220,AL,1
32,220,RI,4
41,13C,UT,1
26,290,DC,2
43,220,NV,1
43,200,ND,1
11,23C,TX,2
71,13C,TX,2
15,13A,DC,1
71,13B,MT,1
13,13B,NB,1
12,290,AR,4
21,290,CO,20
42,13C,DC,4
33,290,IL,5
45,13B,ME,1
12,13C,OH,249
11,13C,UT,5
22,13B,WA,2
24,13B,NC,5
11,13B,OR,2
11,290,SC,5
11,23F,AZ,2
32,13C,GA,7
24,13C,IL,3
44,290,KS,3
52,220,KY,2
12,520,MO,2
43,13A,PA,4
11,120,TX,3
14,13A,WA,3
41,220,WI,1
23,220,WV,1
12,23F,LA,1
81,23H,MT,3
24,09A,TX,1
45,13C,UT,1
26,35B,AZ,1
51,26A,MI,1
14,13B,MO,1
22,13C,AZ,2
14,120,CA,3
11,09A,FL,2
52,35A,KS,1
12,13B,KY,59
24,13A,KY,1
32,290,MI,6
21,13C,NC,10
41,13B,NJ,26
24,13A,SC,1
32,13B,TX,28
41,09A,WA,1
11,26A,WV,3
11,13B,AL,6
24,13A,NM,1
33,290,OK,2
25,13A,OR,1
13,23C,OH,4
41,26C,VA,1
11,23H,VT,1
11,220,KY,17
41,13C,MN,25
33,13B,NJ,9
26,290,NV,3
14,13B,NY,25
41,120,OH,11
13,13B,UT,6
33,290,WI,1
25,290,DE,2
11,13C,OR,2
51,13C,AZ,2
71,13B,IL,1
32,13C,ND,3
14,220,OK,1
16,23C,MA,1
21,13B,KY,1
45,23D,MI,1
12,23H,NY,3
21,13C,TX,3
51,290,IL,1
25,13A,NY,1
44,13B,CA,4
22,290,NC,3
13,220,SD,1
11,23H,CT,4
62,35A,MA,2
45,35A,WV,1
33,290,CA,106
45,13B,CA,6
21,23D,CO,1
26,120,DC,1
41,290,IL,10
12,290,IN,47
41,13A,KY,8
42,13A,MA,10
33,290,ND,2
41,13B,NV,26
12,35B,UT,2
32,290,DC,1
42,11A,AZ,1
22,290,DC,2
25,13C,FL,1
21,290,GA,3
11,23F,ID,1
12,290,NM,4
14,13C,TN,4
21,220,NM,1
24,13B,CO,4
11,13B,LA,5
33,13B,ME,1
32,290,ME,1
26,200,NC,2
41,290,NY,40
42,290,OR,1
25,13C,SC,2
13,35B,UT,4
15,290,VA,16
43,100,OH,1
41,120,OR,1
43,13B,OR,4
41,200,PA,1
44,280,SC,1
25,23G,WI,1
11,23G,KY,1
24,23H,MI,2
23,290,PA,1
52,290,TX,1
61,23C,MA,2
33,13C,CA,65
41,120,CO,7
32,290,DE,1
21,13C,GA,6
13,13B,KS,1
12,290,MO,66
41,120,NJ,3
43,290,OH,15
11,26E,OH,1
51,13C,SC,1
11,23C,TN,10
44,11D,TN,1
42,13A,TX,3
42,13A,NC,4
21,13B,VA,2
13,240,WA,5
41,13B,LA,8
61,23H,MO,1
33,240,ND,1
41,220,NJ,1
31,13B,IL,2
41,13A,UT,1
12,240,WA,1
72,13B,WA,1
32,11B,KS,1
15,290,IL,3
21,290,MA,182
12,120,OH,5
15,290,SD,3
24,290,VA,10
14,13C,VA,3
11,250,WI,1
52,13B,WI,1
12,13A,WV,6
14,290,WV,2
41,13A,AR,2
51,26B,MA,1
26,13B,NV,1
25,220,VA,1
27,290,CO,1
43,290,MN,3
41,13A,NB,1
42,120,CO,2
22,13B,ID,1
11,200,NV,1
11,200,TN,1
41,290,AK,1
12,120,CO,2
15,220,CO,1
43,290,KS,6
11,220,MI,15
15,13B,NB,2
32,290,OR,12
41,13A,PA,2
33,290,NH,1
14,290,IA,1
25,290,MA,7
26,220,MI,1
12,35A,NB,1
43,210,OH,1
72,23D,MA,3
24,120,MN,2
13,23C,MA,1
44,13C,OH,1
12,240,TN,1
32,13C,CO,23
13,13B,CO,6
21,13C,ME,2
26,290,NC,5
24,23H,NH,1
15,290,TN,7
25,290,WA,22
14,290,IL,3
52,13A,MT,1
11,120,DC,4
41,210,MI,2
33,220,MT,1
44,13B,NY,1
41,220,OK,2
81,290,TN,1
11,13A,AZ,18
14,13C,CO,5
11,290,KY,31
32,23F,KY,2
32,13C,MI,22
11,23C,MO,2
27,23F,NB,1
41,290,NC,22
11,220,NY,3
33,120,SC,1
11,220,TX,2
12,13A,VA,17
11,13C,WA,19
11,13B,NH,1
11,13A,CT,4
41,13B,ID,2
11,23C,KY,3
12,23H,MA,5
41,290,NM,1
23,23H,OH,2
15,290,SC,3
24,290,VT,1
11,26B,KS,2
11,23G,KS,1
13,23H,MI,1
43,13B,AZ,3
23,290,AZ,3
25,13B,MT,1
52,290,SC,1
26,13B,TN,2
52,13B,GA,1
21,220,SC,1
24,13C,AZ,11
12,13A,CO,38
12,290,FL,55
25,290,IN,2
32,13B,KY,11
13,13C,MI,3
22,13B,MI,3
43,13B,NH,2
11,13C,OH,91
42,13C,OH,9
14,290,IN,1
15,13C,IN,3
15,13B,SC,2
11,220,SD,1
15,13A,TN,2
72,11A,CA,1
11,35A,CT,2
15,13C,KS,2
11,35A,MO,1
22,520,ND,1
15,290,GA,1
72,35A,MA,2
11,23E,TX,1
14,220,UT,1
15,290,AZ,13
41,210,MA,1
14,23C,MA,1
44,23H,NC,2
11,13B,NJ,7
21,290,NY,900
43,220,OH,4
45,13C,OH,5
11,26C,TN,1
33,13B,WA,14
32,290,MD,3
21,200,PA,3
51,23C,OH,1
23,220,RI,1
31,13B,CA,2
31,13B,DC,2
26,220,LA,1
13,23F,OK,2
51,26A,MA,2
22,13C,OK,1
12,35A,SC,1
11,200,CO,1
12,290,NC,90
33,13C,NJ,76
21,13B,NJ,8
14,290,OH,4
21,26A,TN,1
12,23H,TX,2
43,13B,WA,23
43,290,WI,4
52,13A,FL,2
41,13B,MN,29
12,120,NB,1
14,13B,ND,1
23,200,MD,1
42,13A,SC,2
15,13A,WV,1
43,200,AK,1
62,13A,IL,1
51,13C,MA,2
51,13C,OR,1
41,13A,IL,17
45,13B,IL,2
12,220,MI,9
12,23H,MS,1
14,290,NC,3
41,13C,NJ,114
11,35B,TN,9
42,290,VT,1
23,220,CA,1
32,23D,KS,1
44,11B,MI,1
11,26A,SC,1
11,35A,WA,1
41,120,WI,1
13,290,ID,1
21,13C,UT,1
45,23H,VA,1
62,23H,MA,1
12,13C,MT,1
43,220,NY,1
72,290,SD,1
23,23H,CO,2
51,13A,KS,1
32,290,KY,15
32,13A,MT,3
25,290,NY,16
12,220,OH,8
32,13B,TN,12
41,13C,TX,19
12,23C,UT,2
25,290,VA,7
12,220,WA,7
22,290,KY,1
52,23D,OH,3
22,13C,GA,1
22,200,NY,2
31,120,CA,1
21,13A,CO,1
11,13A,GA,1
81,240,KY,1
12,220,LA,1
11,13A,OK,2
32,23H,UT,1
44,23H,CT,1
15,120,IL,1
14,220,MI,23
11,23C,VT,1
12,23H,AZ,1
12,13B,MD,18
24,220,NY,4
12,220,TN,1
41,220,TX,2
22,13C,MN,2
11,11A,WA,1
11,23F,WV,2
85,290,MT,1
12,200,NY,2
41,13B,RI,3
62,13A,TX,1
24,13A,VA,1
26,220,PA,1
33,13B,CA,60
21,13C,CO,6
32,220,CT,1
43,13A,FL,23
43,13C,FL,12
26,290,ID,2
33,26A,ND,1
15,23F,ND,1
11,11D,SC,1
41,26B,TN,1
13,35A,TN,1
52,13C,CA,3
11,120,MA,1
52,13B,NY,2
52,220,AZ,1
13,220,CA,2
11,23H,NB,1
11,250,ND,1
24,13A,PA,1
72,23H,MA,12
33,13C,MO,2
12,13A,AR,7
41,290,AR,2
33,13A,AZ,12
52,13B,CA,2
32,290,CT,4
45,290,MD,1
11,13B,NY,58
15,200,IN,1
13,13B,ND,8
23,220,VA,1
32,13A,KY,1
13,290,NJ,1
11,220,OR,1
11,11A,IL,1
25,23H,MA,1
12,200,NC,1
52,220,MI,1
14,13B,KS,1
42,120,KY,1
13,13A,CA,3
41,120,CT,3
13,13B,SD,2
42,13B,AZ,5
11,270,MO,1
27,290,MT,1
51,23A,OH,1
13,23D,OH,4
43,13A,OK,2
33,280,TN,1
14,220,NM,1
12,120,SC,1
11,240,MT,1
11,290,NH,1
23,13A,SD,1
41,11A,CA,1
41,13B,DC,75
44,13A,FL,2
43,290,IL,3
12,13C,MI,316
14,290,MI,13
43,290,MO,10
21,290,NC,20
24,23H,NC,1
11,23C,CO,4
44,13C,MN,1
13,270,TN,1
12,100,TX,1
27,210,WI,1
71,13B,DC,12
13,280,WA,1
71,13B,KY,1
15,290,NB,2
26,35B,TN,1
12,11A,UT,1
33,23F,WA,1
15,13A,AZ,3
41,120,CA,30
24,13C,CA,40
43,13B,CO,17
14,13C,MA,28
41,290,ME,14
13,13B,MN,3
15,290,NJ,8
44,290,NJ,1
24,200,NY,2
11,13C,NY,2
14,13B,WA,11
52,35A,WI,2
15,120,IN,1
11,290,MD,6
11,120,NB,1
15,200,NM,1
14,220,WA,1
25,13C,OK,1
51,13C,CO,3
42,290,CT,2
51,290,CT,1
22,23F,MI,1
41,290,VT,1
33,290,NB,1
52,13A,AR,1
41,290,AZ,36
14,13A,MA,9
41,11D,MA,3
32,13B,MS,2
21,13C,NJ,184
13,13B,OK,1
21,290,SC,2
12,290,AK,3
32,120,AL,1
43,13B,DE,1
22,13C,FL,1
33,220,OH,9
43,13C,OR,4
23,220,UT,2
32,280,WI,1
12,23H,MT,1
25,23D,OK,1
24,290,SC,1
72,23C,WA,1
25,13C,CO,1
12,23H,MN,1
21,13C,OR,2
11,220,CT,1
43,120,FL,6
24,13C,MA,24
13,290,ND,4
15,290,NY,15
21,13C,PA,9
22,290,SC,1
12,13B,TX,59
32,13A,TX,10
43,13C,AL,2
41,13B,GA,17
32,290,VA,1
22,290,FL,2
33,290,KY,1
15,23H,KY,3
11,11A,LA,1
25,13B,MA,2
23,13A,MI,1
12,23C,OH,2
21,13A,AZ,3
11,35A,MI,12
52,290,MI,4
25,290,MO,7
21,120,NY,4
32,13A,NY,7
42,23H,OH,3
11,250,WV,3
14,23H,CA,1
15,220,IL,1
13,13C,IN,1
15,13B,MA,1
42,13B,NJ,2
11,23H,OH,19
12,26C,OH,1
33,26A,WA,1
14,240,CT,4
24,520,KY,1
33,35A,LA,1
14,13B,LA,1
32,13A,NB,2
44,13A,OH,1
11,26A,UT,1
12,23F,WA,1
33,11A,TN,1
12,13B,AR,5
33,13A,CA,35
21,13C,CA,93
22,290,CA,27
43,290,IN,5
11,23F,MA,9
21,290,ME,17
12,13B,ME,14
11,13A,NY,12
21,200,NY,6
13,26C,SC,1
11,13C,TN,22
41,13A,TX,27
41,13B,NM,5
26,23G,SC,2
41,23G,TN,1
71,13A,CA,14
71,09A,CA,1
44,13C,KY,1
23,13C,NJ,1
33,13C,IL,5
11,13A,SC,12
33,13C,TN,24
15,290,TX,4
42,13B,WA,7
24,13C,PA,8
14,290,NH,2
16,13C,IL,1
11,250,OH,1
25,11A,VA,1
24,290,DC,2
27,13B,TN,1
23,23F,WA,1
42,13C,CA,28
42,240,CA,1
24,23F,KS,1
15,290,KY,11
22,290,MA,11
32,13B,MA,21
11,26B,MI,5
21,13C,MO,7
13,13B,TN,3
13,13B,MO,1
32,120,AZ,2
43,290,VT,2
24,13C,DC,1
71,290,IL,1
13,23C,UT,1
41,23C,WV,1
42,290,ID,1
32,11A,IN,1
45,13A,NC,1
42,13B,ME,3
12,13A,MN,14
41,13C,OH,56
21,220,TN,1
43,13C,VA,7
32,13C,NM,1
32,23F,SC,1
51,250,WV,1
43,120,MN,1
44,13B,OR,2
61,13A,WA,1
71,290,CO,1
51,13B,NC,1
41,200,NC,1
82,23H,NY,3
23,23C,PA,1
32,13C,AZ,34
24,13B,CA,28
25,290,CO,8
22,13A,CO,1
12,13C,DC,9
33,290,MI,11
43,220,RI,1
11,220,SC,3
11,13A,SD,1
52,13A,WA,2
11,23H,WA,10
21,13C,WA,14
22,35A,WI,1
12,240,CA,1
11,100,OH,1
33,290,VA,10
62,11A,MO,1
42,280,OH,1
33,120,WI,1
31,290,AK,1
42,13A,FL,1
21,220,NB,1
26,23H,OR,1
45,13B,AZ,1
25,26B,MI,1
25,13B,NV,1
11,120,CA,15
43,13C,CO,13
44,290,FL,4
41,290,IA,1
32,13A,IN,5
42,290,IN,2
33,13B,ND,5
21,13C,NY,36
52,120,OR,1
43,13B,SC,5
52,13A,TN,6
42,220,TX,1
14,13B,UT,1
12,13B,WA,81
32,13C,NB,1
25,220,NY,2
11,23F,WA,11
71,120,CA,8
12,210,KS,1
71,13B,MA,5
52,240,MO,1
14,100,MS,1
23,220,NY,1
51,290,OH,2
28,23C,TN,2
11,23C,KS,1
33,23D,WA,1
25,26C,WA,1
45,26C,AR,1
11,220,MA,7
32,13A,MN,3
22,290,MO,2
41,13B,NC,27
12,240,OH,3
52,11D,UT,2
25,13C,UT,3
14,290,WA,9
12,13A,NJ,17
15,13C,DC,3
21,23F,MA,1
23,220,MA,1
24,13C,MN,11
43,200,NC,1
33,23H,UT,2
41,290,GA,3
41,13C,ND,1
42,120,MI,1
28,13B,TN,2
41,100,VA,1
44,13B,WV,1
61,220,MA,2
12,13C,CO,68
11,290,CT,11
32,240,CT,1
72,13B,NY,9
26,13B,NY,2
33,220,NY,3
22,200,OH,1
44,35A,OH,2
12,23H,KY,7
51,13C,NY,1
43,290,MA,4
11,13C,NH,1
43,35A,OH,1
25,220,OK,1
51,120,TN,1
25,13B,VA,2
42,13C,IL,3
62,290,IN,1
11,26A,WA,2
14,13C,GA,2
71,220,MA,1
32,13C,CT,15
41,290,DC,12
24,13C,ID,2
45,13A,ID,1
11,13C,MO,12
12,290,NV,24
12,120,NV,5
12,13A,NY,24
13,13A,WA,6
32,290,AL,1
14,13C,IN,2
33,290,MN,4
24,13A,MA,1
61,13B,WA,3
32,23F,WV,1
51,290,OR,2
24,23H,PA,1
26,13C,TX,2
52,26A,MA,1
16,13C,MO,1
13,290,CO,7
33,23H,CT,2
33,13B,MN,5
12,13B,MO,45
32,13A,MO,4
52,13B,OH,5
13,35A,UT,1
42,13A,VA,2
13,26C,WA,4
11,13A,AL,3
21,13A,MN,1
41,23H,NV,1
41,200,OR,1
32,13B,PA,2
33,23F,OH,1
13,290,OH,33
11,13B,OK,8
52,26A,UT,1
11,120,WV,3
14,13B,CO,2
42,13B,ND,1
42,120,TX,1
26,26B,CO,1
45,13A,CO,3
43,220,ID,1
33,13C,KS,6
41,290,MD,7
32,13B,ME,1
12,13C,NV,18
11,23E,SC,1
15,35B,UT,1
11,220,WA,13
15,220,KS,1
33,290,MD,2
41,13C,NB,4
11,290,PA,1
51,120,GA,1
12,120,IN,1
21,13C,MD,1
43,220,OR,1
12,520,TX,1
62,13B,MA,9
21,23H,WI,1
26,13B,KY,1
33,13A,ND,1
32,220,IN,2
22,11D,KS,1
15,220,KY,3
11,250,KY,6
42,13C,MA,28
44,290,MN,1
25,290,NJ,10
12,290,NY,222
33,13A,NY,7
43,13C,OH,25
21,290,TX,28
43,23H,WA,4
13,13A,WI,4
32,13C,DE,1
15,13C,FL,1
41,13B,IA,1
41,13A,ID,1
32,200,KY,1
32,13B,OK,6
22,13B,UT,1
12,120,NC,2
13,26A,WA,1
81,290,MT,2
11,13C,CA,43
21,13A,CA,8
41,13A,MN,16
44,11D,MT,1
15,290,OR,9
21,13B,SC,1
11,13B,TN,50
11,13B,WV,10
51,13B,CA,2
32,120,WA,1
15,13B,ID,1
62,13B,MO,1
43,13B,NV,1
22,220,ID,1
45,13B,NB,2
14,220,TX,1
41,13A,DE,1
11,120,ID,1
12,240,NC,1
11,13A,IL,15
11,13A,KY,7
33,200,NY,2
43,13A,VA,4
43,13B,VT,2
51,13B,KY,2
14,13B,MA,8
52,13B,IN,1
72,290,NY,2
51,13B,NY,2
52,13A,NC,1
44,13B,TX,1
52,35A,SC,2
23,290,CT,1
32,290,IL,7
32,290,MA,14
21,13A,MI,1
41,200,NV,2
14,13C,PA,3
12,13A,WA,46
23,220,WA,2
12,23H,AL,1
25,13B,CA,9
43,13B,IA,1
12,13A,NB,3
15,13B,OH,3
43,13A,WI,3
71,23H,MA,3
11,26B,UT,1
12,26B,WA,1
15,13C,KY,4
12,13A,MA,51
12,290,MN,58
33,23F,ND,3
22,13B,NY,7
15,290,PA,5
41,13A,SC,8
41,220,UT,2
41,13C,VA,12
43,13A,WA,22
33,13B,WI,3
15,290,CT,5
12,120,IL,1
11,13C,IN,9
12,290,RI,3
32,11A,CO,1
13,26A,ID,1
41,290,LA,1
11,280,NB,1
21,23H,UT,1
81,13B,KY,7
23,23H,NC,1
72,23F,MA,5
42,220,CA,4
43,290,CO,9
14,13C,DC,1
52,23H,KY,3
15,13B,NC,3
41,13B,SC,11
33,220,FL,1
11,13C,IL,7
14,250,KY,1
25,290,MD,1
11,26C,MI,3
45,120,AZ,1
11,11A,MN,1
24,13A,IN,1
14,200,TX,1
21,290,DE,1
41,290,CA,84
14,13A,CA,17
43,220,FL,2
12,290,IL,49
11,13C,KY,39
32,220,MA,2
13,23D,WA,5
41,11B,CO,1
21,13B,GA,2
11,120,SD,1
23,23F,MA,1
52,13C,MA,1
62,35A,WA,1
52,26B,WA,1
23,26C,OH,1
25,13B,SC,1
28,35B,TN,1
11,13C,DC,6
11,23F,KY,6
25,23H,MI,2
32,35A,MS,3
12,13C,NY,20
51,13B,TN,4
15,200,KS,1
51,11D,TN,1
41,13A,KS,1
13,35A,ND,1
12,23F,TN,2
32,200,CA,1
13,35A,IN,1
51,520,OR,1
13,13B,AZ,7
21,290,KS,11
21,290,MO,13
11,35A,OH,2
43,35B,TN,1
41,120,VA,1
21,290,VT,2
33,290,WA,20
14,290,AZ,4
25,220,CA,3
33,120,CA,2
11,290,DC,3
11,13B,DC,13
41,220,IL,3
43,290,KY,5
43,23D,OH,2
51,120,CO,1
62,11A,MA,1
11,200,SC,1
25,200,WI,1
33,23H,IL,1
32,23D,WI,1
33,290,FL,12
11,290,IL,3
23,13C,MA,1
33,220,MI,2
13,13B,MI,5
21,35B,TN,1
24,290,TN,13
32,13B,MD,4
14,13B,MN,3
14,13C,MO,6
11,26A,TN,2
15,13B,MT,1
15,23H,OH,1
22,290,WV,2
45,23H,WV,1
45,290,MI,1
26,26A,CO,1
41,13C,CO,19
21,290,MT,4
22,290,NJ,13
43,290,NY,12
33,23D,TN,2
12,200,OR,1
21,13B,CT,1
52,13A,KY,2
25,240,WA,2
61,13B,MA,1
85,13C,MT,1
71,13B,NB,1
25,13A,ID,1
43,23H,CA,2
21,13A,TN,2
32,290,TX,15
15,13C,VA,3
42,290,AK,1
44,13B,MN,1
14,23H,KY,1
32,23H,NM,1
14,13A,CO,1
51,220,MA,1
21,13A,VA,1
24,13A,ME,1
33,220,CT,3
13,13C,SD,1
44,290,TN,1
23,290,UT,4
14,120,KY,1
14,290,OR,3
33,13B,SC,1
11,13B,IA,1
22,220,ND,1
44,40C,TN,1
52,23C,VA,1
22,13B,SD,1
71,13A,TX,1
14,13C,ID,2
42,13B,NY,52
24,290,NY,37
24,13A,NY,13
11,23F,SC,1
21,13B,WA,4
33,13B,AL,2
21,13B,AL,3
21,220,FL,1
22,200,IN,1
24,290,NH,2
13,13C,KY,1
11,09A,CA,2
13,13B,CT,1
12,23H,IA,1
11,26A,OH,1
45,26B,OH,1
25,23D,WA,3
12,13A,FL,36
43,13A,IL,3
32,120,IL,3
14,13B,NJ,7
32,290,RI,1
14,13C,WI,2
11,13C,AL,5
14,13C,CT,5
12,23A,MI,1
44,220,OH,3
33,13B,VA,11
42,23C,OH,1
62,13B,WA,1
21,210,CO,1
26,13C,MO,1
22,23H,NJ,1
14,200,PA,1
33,23F,KS,1
42,290,ME,1
11,120,MO,4
12,13B,SC,32
25,290,SD,3
33,13C,TX,10
11,13C,TX,10
41,13A,VA,6
24,13B,WV,2
24,13A,CT,1
14,13B,DC,3
13,23F,WI,1
21,13B,AZ,4
43,23D,KY,1
41,13A,NC,10
22,220,AZ,1
23,23H,LA,1
13,13B,TX,1
25,35A,MA,1
21,290,DC,13
11,220,FL,3
14,13C,IA,1
41,13A,MA,33
23,120,MI,1
13,23H,ND,2
11,13B,NV,12
32,290,NY,13
11,13C,SD,2
24,13C,TN,6
26,13B,UT,2
12,13B,WI,15
12,23D,CO,1
11,13C,VA,9
13,250,WA,2
11,290,ME,1
27,13B,OH,1
24,290,RI,2
32,13A,AZ,21
11,13C,MA,47
21,290,MD,27
24,290,MI,8
32,290,NB,4
13,23H,TN,3
42,13A,TN,3
26,23H,WA,1
23,290,AK,1
11,290,GA,3
14,13B,MD,4
43,290,ND,2
24,120,KY,1
51,23D,OH,1
45,13B,WA,1
51,290,AZ,1
21,220,ID,1
15,13A,KS,1
11,35A,MT,1
43,120,OR,1
43,13A,DC,1
41,240,KY,1
12,220,CO,2
43,13B,IL,3
32,220,NY,11
15,13C,OH,11
11,35B,UT,6
24,290,ME,2
71,11C,CO,1
13,220,SC,1
11,35B,TX,1
24,13A,TX,3
24,13C,UT,2
52,13A,VA,1
71,290,MA,3
12,13B,AZ,87
11,13A,MN,13
13,13B,NC,1
52,13C,TN,5
15,290,UT,3
24,13C,VA,6
24,13C,NC,8
11,120,NY,2
11,240,OH,5
32,11A,OR,1
42,13A,MO,2
14,290,SC,1
32,23H,CA,3
24,13B,MD,1
22,35A,MO,1
11,36B,WV,1
11,13C,NB,1
14,290,AK,1
32,290,AR,2
43,13A,CO,15
24,13C,ME,8
12,120,MN,1
32,13B,NH,1
41,120,NY,5
13,26C,OH,6
41,290,SC,5
42,13B,TX,12
25,13B,TX,2
42,13A,LA,1
11,26A,MA,2
32,13A,DC,2
42,13B,NH,2
21,220,KY,2
11,23C,LA,1
23,26C,MI,1
51,13B,CO,2
33,120,CT,2
13,240,MI,1
12,220,NH,1
25,23F,WA,1
41,13B,MA,94
11,23H,MA,3
12,13B,MN,42
11,13B,MO,29
11,23H,TN,9
13,13B,VA,2
23,26C,WA,1
32,13A,WA,13
14,13B,CT,3
42,13A,NJ,1
32,200,NV,1
12,26B,SC,1
41,13B,SD,7
71,290,TX,1
71,11D,WA,1
31,13C,WA,1
52,13C,NC,2
13,120,AZ,2
41,13B,CO,26
12,23F,KS,1
13,290,MI,2
11,240,MI,2
12,13C,MO,44
26,290,WA,11
26,290,AL,2
33,13B,IN,3
11,13A,NJ,2
12,09A,AR,1
11,520,AZ,1
23,220,MD,1
12,200,VA,1
41,26C,WA,1
32,290,FL,3
13,13B,ID,1
72,13A,MA,10
33,13C,UT,1
43,23D,WI,1
21,36B,WV,1
23,23H,KS,1
45,290,TN,1
21,220,CA,5
11,23H,CO,5
15,13C,CO,6
32,13B,IL,8
12,220,KY,12
32,13A,MA,15
11,13B,ME,3
32,23F,MS,1
23,240,MT,1
11,13A,TN,14
33,13B,UT,3
15,35A,UT,1
44,13B,IL,1
12,120,MO,5
43,13A,OH,4
43,13B,UT,3
43,11B,CO,2
14,11A,MN,1
12,35A,MO,2
41,220,VA,1
32,13A,WV,1
23,23F,VT,1
41,120,DC,25
12,290,ID,3
12,290,MD,40
42,13B,MD,1
14,13C,MI,11
32,13A,OR,7
41,13C,PA,3
22,23F,VT,1
41,13C,WI,3
24,13B,CT,1
12,220,IN,2
42,13C,WA,7
41,290,DE,1
61,13B,MI,1
15,120,NC,1
15,290,WV,1
11,220,IA,1
32,200,OK,1
25,290,FL,2
33,13B,ID,2
52,13B,MI,7
42,290,MN,7
26,13A,MT,1
45,23D,TN,1
12,13A,TX,43
52,35A,UT,2
32,13B,AR,1
42,120,WI,1
45,13B,CO,1
21,23H,OH,1
24,290,IL,3
24,13B,LA,2
11,240,WV,2
33,100,DE,1
72,23C,MA,2
21,120,OH,1
26,23H,AL,1
45,13A,AR,1
11,13C,AZ,12
43,13B,CA,132
14,13B,CA,24
42,13B,CT,2
12,220,IL,2
41,13A,LA,4
26,290,MT,5
24,13A,OK,2
26,23H,SC,12
11,11A,AL,1
14,13C,MN,7
11,13C,MT,1
24,13C,ND,3
41,09A,UT,1
23,290,VA,7
42,120,IL,1
11,23H,MO,1
51,13B,OH,2
33,13A,KS,1
13,13C,MT,1
32,13B,CA,88
11,220,TN,3
22,290,VA,2
13,35A,WV,1
12,220,WV,5
21,13A,MA,3
13,13C,OK,1
71,13B,CA,14
11,200,MI,1
22,26A,MO,1
82,290,FL,1
14,13C,NC,2
26,200,NV,1
13,13B,WV,1
21,13B,IN,1
12,220,AZ,9
13,13B,CA,1
12,13A,KY,18
13,23F,MI,1
33,13A,OH,7
41,13C,OR,6
32,13B,SD,2
14,290,UT,2
41,120,MI,4
45,13B,OH,5
12,23H,OH,3
24,13A,AZ,2
11,26C,LA,2
25,35B,UT,1
62,290,MA,4
42,290,OK,1
22,200,WI,1
12,13B,AK,5
23,23F,CO,2
22,250,KS,1
32,23H,KY,3
41,13C,KY,19
12,13B,MI,162
22,13C,NJ,5
32,290,NV,9
12,290,PA,20
43,290,SD,3
41,290,TX,21
43,13A,TX,5
12,13C,UT,7
41,290,VA,15
12,11A,MO,1
41,200,OH,1
32,26B,MO,1
25,13B,KS,1
11,120,NC,1
22,23F,WV,1
15,13C,CA,20
12,290,CO,37
22,23F,CO,2
15,13C,GA,3
11,13B,MT,11
52,13A,NM,1
23,290,TX,8
11,13A,DC,5
81,26B,KY,1
21,13C,SD,1
11,23C,CT,1
44,23C,OH,1
24,13C,CO,11
11,23F,CO,2
23,290,FL,8
12,290,MA,133
22,13A,MI,1
24,290,NJ,20
41,13C,NV,9
25,13B,TN,2
42,13A,IL,1
25,13C,NH,1
11,13B,NM,2
32,290,WI,2
32,23C,WI,1
41,290,WV,3
14,23H,CT,2
32,240,KY,1
11,11A,MI,1
14,270,MI,1
72,250,MA,2
21,290,OK,2
71,13B,TX,3
41,23H,OH,1
41,13B,AZ,54
26,290,CA,24
22,200,CA,4
12,13A,GA,8
12,13B,ID,13
32,13C,IL,7
43,13C,KS,8
43,13C,MI,31
11,220,MT,2
42,13B,TN,8
41,120,TX,10
11,23H,UT,10
24,13B,VA,8
15,290,CO,3
33,290,ID,3
44,290,MI,1
51,13C,MN,2
52,23H,ND,1
32,13A,FL,2
12,240,KY,1
32,23D,ND,1
26,290,CO,13
12,13C,DE,19
32,290,KS,7
12,290,MI,143
25,13C,NC,5
12,13C,NH,14
33,290,NV,2
26,290,SD,1
22,290,WA,7
52,13C,NJ,4
22,13B,NJ,1
32,120,NY,1
43,120,OH,3
32,13C,AR,2
23,13C,CA,3
62,13C,NY,1
13,35A,OH,1
12,120,OK,1
41,09A,CA,1
12,23D,OH,4
51,240,WA,1
15,13C,LA,1
11,290,ND,2
52,220,VT,1
25,13C,CA,11
43,11A,IL,1
12,13C,KY,111
12,13A,ME,5
23,290,NC,5
32,240,TN,1
21,220,UT,1
41,200,AZ,1
45,13C,CO,1
14,13B,NC,4
52,35A,OH,1
13,240,OH,8
24,13C,KS,2
43,120,KS,1
21,200,CA,1
43,13C,CA,72
42,13A,CO,4
21,13B,CO,7
15,13B,CT,1
41,13B,MD,7
33,13C,ND,4
32,290,NJ,7
15,13B,NJ,1
22,23H,NY,16
12,13A,PA,11
12,13A,RI,1
44,13B,TN,4
26,520,UT,1
43,23H,KS,1
43,220,CA,2
23,220,CO,1
62,13C,MA,4
32,120,MN,2
71,240,MA,1
27,290,WA,1
42,13B,ID,1
21,290,MI,29
44,200,NC,1
24,13A,NV,2
11,13A,NV,4
27,220,SC,1
22,290,TX,5
32,13B,UT,12
22,23F,UT,1
12,13B,VA,54
42,23H,WA,1
25,290,TN,2
12,13C,WV,3
13,26A,CO,1
33,13B,NB,6
52,26B,KY,1
22,290,MI,1
24,13B,ND,1
52,26A,SC,1
23,290,NJ,1
42,23H,SC,1
11,290,FL,17
11,13B,GA,5
12,520,MI,2
52,13A,OH,2
21,290,OR,16
14,13A,PA,2
15,13C,TN,11
23,200,CO,2
15,13B,KY,5
42,13A,MI,2
23,13B,MO,1
24,13A,MN,4
21,200,FL,1
32,13A,KS,1
33,13A,MO,1
27,23H,MT,1
51,13B,DC,2
12,13B,GA,14
43,13B,VA,6
42,13B,VT,1
32,13B,WA,26
11,13B,WA,41
25,220,SC,1
41,13C,DE,2
33,13C,LA,1
14,200,OK,1
11,13A,UT,1
52,23H,WA,3
11,120,SC,1
52,290,WV,1
25,35A,AL,1
52,13C,AR,4
32,290,CA,91
42,290,MI,12
12,13C,MN,89
12,13B,NB,19
32,220,NC,1
44,290,OH,7
11,23D,OR,2
23,13B,UT,2
13,220,WA,9
12,13A,MT,7
33,290,NM,1
24,220,UT,2
12,13A,AK,2
51,23H,CO,1
25,26B,MO,1
12,120,WA,2
51,13C,MI,2
13,240,OK,1
21,23D,TN,1
41,120,UT,1
61,13A,MA,1
32,120,NJ,1
11,200,WA,1
33,13B,AZ,10
11,250,CO,1
21,290,IN,9
14,13B,IN,3
26,290,KY,4
42,13C,KY,9
32,290,MN,2
11,120,OH,14
32,23H,SC,1
12,13C,TX,50
11,290,TX,5
43,520,UT,1
15,290,WA,22
13,13B,WA,17
43,290,NB,1
32,09A,CA,1
71,120,DC,3
43,120,IL,1
12,26C,MA,1
31,290,OR,1
82,13B,TN,1
24,200,NM,1
45,35A,AR,2
15,13B,DC,4
52,13A,MI,2
43,13B,NY,17
41,290,OR,7
26,13C,SC,6
52,220,TN,2
14,13A,VA,1
14,13A,WI,2
33,13C,NV,1
13,13C,OR,1
11,13A,RI,1
26,23F,VA,1
33,26A,MA,2
43,120,MA,1
33,35A,WA,1
51,13A,AZ,1
62,13C,CA,3
52,13C,IA,1
12,120,NM,1
52,23H,MT,1
42,13B,CA,34
22,290,CT,8
11,13C,FL,8
43,13C,KY,9
11,23C,MI,4
12,13C,NB,10
11,290,OH,33
25,290,OR,9
33,35A,TN,5
42,13C,TN,6
33,13B,TX,6
32,13A,MI,5
26,23D,SC,3
71,13C,CA,11
43,13B,AR,2
41,13B,AR,1
23,290,CO,5
45,11A,CO,1
25,290,IL,2
41,13B,MI,45
21,13C,MN,13
44,13B,NJ,1
12,220,SC,2
12,13A,DE,3
13,35A,SD,1
11,290,WI,5
26,13B,AZ,1
26,23H,LA,2
26,290,LA,2
27,220,OH,1
24,11A,WA,1
43,13B,MD,2
33,120,WA,1
26,13B,ND,1
41,13A,CT,6
26,290,MO,2
32,13B,ND,6
11,13B,PA,11
12,220,MN,3
13,13C,NM,1
51,23H,RI,1
22,23H,CT,1
24,13C,NV,1
41,220,OH,2
32,13B,MN,6
32,13B,MO,6
21,200,NJ,3
12,13B,TN,77
15,290,VT,2
14,290,WI,5
21,120,CA,2
24,13A,CA,8
52,220,SC,1
43,120,MO,2
42,23H,NJ,1
45,13B,NY,2
11,26C,OH,2
71,13B,TN,1
52,13B,WA,1
12,370,SC,1
21,220,WA,1
11,13B,CA,46
24,13A,CO,2
33,13B,FL,7
21,13B,MD,4
42,13B,NV,4
11,250,SC,2
33,13B,TN,103
51,35B,TN,1
11,290,UT,12
33,520,UT,1
42,290,IL,6
43,120,NM,1
12,120,WI,1
32,13B,GA,1
12,13B,MT,3
25,200,NJ,1
11,290,OK,1
13,23D,ID,1
21,270,ID,1
72,13B,MA,11
84,13A,MA,1
32,120,WI,1
25,13C,CT,2
42,13C,NB,1
11,520,WI,1
44,36B,AR,1
45,13C,KS,1
32,13C,KY,11
13,220,KY,6
11,23D,MI,7
42,13C,MI,7
21,370,MI,1
51,13B,MO,1
41,13B,TN,19
11,240,TN,1
11,35A,UT,14
12,13B,WY,3
15,13A,FL,1
14,23H,OH,3
41,13B,VT,2
44,13C,CT,3
13,23G,KS,1
32,250,TN,1
14,23C,WA,1
82,13C,MO,1
25,13C,ND,1
24,13C,CT,6
14,13A,IN,1
33,13A,MI,7
13,13C,MN,4
32,13C,OH,13
33,13C,OK,2
51,13A,OR,1
41,23H,GA,1
11,23C,OH,2
13,250,VA,1
33,23C,AZ,1
25,220,IN,1
25,13B,LA,1
31,13B,MA,6
25,13B,AZ,2
26,220,AZ,1
62,13A,IN,1
12,100,SC,1
27,220,TN,1
52,13C,WA,1
41,220,CA,4
21,13C,CT,15
14,290,CT,1
44,220,KY,2
11,13C,ND,7
52,290,OH,4
43,290,SC,4
33,120,TN,3
33,13A,WA,7
12,23C,WA,3
11,120,AL,1
26,200,SC,1
11,120,VA,2
15,23H,AL,1
41,23H,CO,1
22,200,LA,1
51,290,OK,1
45,13A,TN,1
16,290,WA,1
26,290,AR,1
12,13B,CA,256
11,13B,CO,27
12,13C,CT,109
51,13C,KY,1
11,290,MI,46
13,13A,MI,4
41,23H,NJ,2
26,23F,SC,2
25,290,UT,32
45,220,WI,1
22,220,KY,1
12,220,AK,1
12,11D,KY,1
42,290,KS,1
33,23C,VA,1
51,13A,OK,1
12,13B,CO,32
12,290,DE,7
14,220,KY,4
23,23H,MA,1
11,13B,MD,2
32,35A,MI,1
25,13B,MI,1
12,13A,SC,19
52,290,TN,5
21,290,TN,12
15,13B,TX,2
41,13C,WA,27
12,520,WA,2
44,13B,AL,1
33,13A,DC,2
14,13B,FL,1
43,13A,IN,2
45,13B,UT,2
25,23H,FL,1
42,23F,OH,2
14,200,WI,1
41,13B,FL,6
81,23H,KY,8
72,290,MA,5
12,13C,IL,51
32,220,KY,1
41,120,TN,4
42,290,WA,8
11,13A,WI,9
14,13C,DE,2
43,13A,ME,2
41,120,WV,1
26,23H,AZ,1
32,13B,AL,4
21,290,CA,332
32,290,CO,10
33,13B,CT,10
12,35A,MI,89
12,13B,MS,2
13,13A,MT,1
15,220,NY,1
43,13C,NY,1
32,13B,WV,1
43,13A,NJ,1
21,13B,ID,1
33,13A,UT,1
13,13C,CT,1
11,23G,MT,1
25,23H,AZ,1
51,13B,MI,6
12,13B,ND,15
21,23H,NY,18
41,290,OH,35
12,13B,OR,23
41,13C,TN,20
13,290,WA,15
24,290,GA,1
21,13C,RI,1
41,13A,WV,1
32,13B,DC,2
33,23H,WA,2
14,26A,MA,1
12,120,AZ,5
33,13B,CO,8
12,13B,FL,36
12,200,IL,2
11,120,MN,3
45,23H,ND,1
11,290,SD,4
22,250,UT,2
32,120,CO,1
24,23H,KY,1
51,23C,ND,1
12,09A,AZ,1
14,13C,NB,2
72,35B,TN,1
11,23C,VA,1
43,11A,DC,1
33,200,MI,1
43,13C,NB,1
33,23H,NY,7
52,220,AR,3
11,13B,AZ,23
32,520,KS,1
11,290,MO,3
32,290,MS,1
11,13C,NC,19
41,11A,NY,3
11,23H,SC,6
21,290,SD,2
41,13A,WA,17
41,13A,IA,2
23,290,MD,1
41,290,MO,5
14,13B,NV,2
41,13B,OK,9
24,13B,IL,1
11,11D,ND,1
51,13A,NY,1
41,290,PA,5
12,13A,LA,3
72,26A,MA,2
23,13B,NY,1
32,100,TN,1
15,13A,CA,5
43,13C,CT,7
12,13A,ID,17
22,23H,ID,1
21,290,ID,1
21,13B,MA,8
24,13C,NJ,30
33,220,OK,1
22,290,ID,1
12,220,NB,2
25,290,NV,1
43,13C,OK,2
24,13B,OK,2
23,290,SD,1
11,200,AR,1
26,35A,AZ,1
43,13C,AR,2
84,290,MA,2
44,11D,MI,1
25,220,UT,4
43,290,CA,90
21,290,NV,12
32,13C,WA,18
25,23C,KS,1
24,13A,MO,2
44,13B,SC,1
43,13B,WI,5
11,220,MS,1
52,11D,TN,1
22,240,MI,1
13,250,MI,1
15,13B,WY,1
11,26A,NB,1
25,290,CA,92
11,13B,CT,15
12,290,KS,35
13,11D,KY,2
52,13B,KY,2
45,13A,MI,2
26,290,NY,24
33,220,TN,6
21,23F,TN,2
52,35A,TN,1
32,13B,ID,9
14,13C,NY,1
23,13C,TN,2
45,290,CT,1
52,35A,CT,2
21,120,MA,1
11,13A,PA,6
12,23C,WV,1
85,290,DC,1
85,23F,MO,1
15,13C,NH,1
33,100,TN,1
52,13C,AZ,2
52,23F,VT,1
62,120,WA,1
33,290,AZ,7
11,35A,KY,8
11,200,KY,2
41,13B,ME,15
25,240,MI,1
11,11D,MT,2
15,290,OH,18
12,23H,SC,3
13,290,OR,1
33,23D,CT,1
52,40B,CT,1
13,23C,WA,4
11,23H,AZ,1
29,290,CA,1
11,13B,DE,2
81,290,KY,8
41,23C,VA,1
24,13B,WA,3
32,13B,IA,1
11,240,ND,1
22,290,OK,1
25,13C,AZ,4
11,13A,CA,40
12,200,CA,7
11,13C,KS,11
11,120,KY,10
11,11D,KY,4
12,13C,MA,196
32,13B,MI,23
22,520,MI,1
43,220,MO,2
12,290,MT,11
41,120,NC,5
32,13C,NY,4
21,13B,TN,3
12,120,OR,1
43,13B,IN,2
41,220,MI,2
23,290,OR,1
12,11A,CO,2
11,23F,VA,2
32,240,KS,1
32,13B,AZ,31
44,13C,CA,4
12,120,FL,1
41,13B,KS,9
12,13B,KS,43
21,290,NH,10
23,220,AR,1
11,23H,WI,4
43,13B,DC,1
52,23H,NJ,1
62,240,MA,1
15,13A,NC,2
12,200,OH,1
32,220,TN,1
15,23H,WA,1
21,250,WA,1
52,290,AR,2
21,13B,CA,26
51,13B,CT,1
41,120,IL,3
22,26B,KS,1
11,35B,KY,5
32,13C,MN,8
13,290,MO,1
15,23H,NH,1
32,13C,NV,4
24,13C,OR,1
43,13A,TN,12
11,13B,TX,25
41,13B,VA,22
51,290,CA,3
32,13C,IN,6
33,13A,ME,1
33,13C,ME,2
25,13B,NY,3
15,13B,TN,1
42,13A,AZ,2
13,13C,MA,1
45,13A,TX,1
33,23H,VA,1
11,23F,KS,6
43,13B,MS,3
41,23G,SC,1
11,23F,UT,4
24,23H,WA,1
15,13A,IL,1
23,290,SC,6
43,23C,WI,1
41,13C,GA,9
82,26C,KY,1
13,23B,OH,1
44,23G,CT,2
22,23H,FL,1
